sorszám,stúdió,műfaj,költségvetés,bevétel,hossz
1,Disney,sci-fi,200,499,191
2,Disney,akció,55,77,134
3,Paramount,horror,118,607,121
4,Lionsgate,horror,56,92,176
5,Universal,sci-fi,224,887,121
6,Disney,animációs,126,130,171
7,Paramount,horror,217,940,111
8,Disney,sci-fi,197,344,114
9,Universal,animációs,16,89,178
10,Warner,akció,30,15,102
11,Paramount,vígjáték,59,325,96
12,Pixar,animációs,229,356,105
13,Warner,animációs,116,685,124
14,Warner,sci-fi,54,108,178
15,Pixar,akció,67,392,158
16,Disney,horror,54,260,177
17,Disney,dráma,151,343,110
18,Warner,akció,147,780,105
19,Paramount,animációs,155,333,144
20,Warner,akció,104,369,116
21,Warner,horror,240,1080,166
22,Warner,animációs,132,760,163
23,Sony,dráma,245,1313,165
24,Disney,akció,147,435,192
25,Lionsgate,animációs,8,10,136
26,Universal,akció,124,565,143
27,Pixar,dráma,30,41,161
28,Pixar,animációs,8,42,190
29,Disney,akció,250,199,126
30,Lionsgate,akció,54,177,106
31,Paramount,horror,110,326,112
32,Universal,animációs,198,541,109
33,Disney,horror,222,909,102
34,Disney,horror,23,36,181
35,Universal,akció,64,49,85
36,Paramount,animációs,111,644,120
37,Lionsgate,horror,134,519,145
38,Pixar,sci-fi,169,412,152
39,Warner,vígjáték,223,686,99
40,Sony,horror,68,94,148
41,Disney,sci-fi,193,910,129
42,Warner,dráma,142,492,161
43,Disney,horror,240,483,187
44,Lionsgate,vígjáték,35,200,183
45,Disney,horror,61,146,139
46,Sony,horror,43,25,105
47,Warner,dráma,206,617,174
48,Universal,akció,164,590,127
49,Universal,dráma,179,315,118
50,Disney,akció,55,65,169
51,Pixar,vígjáték,16,67,123
52,Universal,animációs,56,61,188
53,Paramount,vígjáték,106,40,190
54,Warner,dráma,201,856,154
55,Lionsgate,horror,24,60,137
56,Universal,vígjáték,98,563,113
57,Universal,animációs,146,398,104
58,Lionsgate,animációs,71,345,107
59,Pixar,vígjáték,110,448,137
60,Universal,vígjáték,240,934,105
61,Sony,sci-fi,222,94,170
62,Sony,akció,60,330,124
63,Paramount,horror,91,408,165
64,Universal,vígjáték,188,1015,119
65,Warner,dráma,56,133,181
66,Pixar,sci-fi,119,437,126
67,Disney,horror,115,577,114
68,Paramount,animációs,143,478,91
69,Pixar,animációs,99,154,186
70,Pixar,animációs,225,350,169
71,Lionsgate,dráma,49,210,133
72,Universal,akció,154,273,88
73,Paramount,akció,219,180,183
74,Disney,vígjáték,197,840,146
75,Warner,akció,78,114,173
76,Lionsgate,animációs,98,529,110
77,Sony,sci-fi,20,28,184
78,Warner,dráma,138,198,105
79,Lionsgate,sci-fi,97,383,82
80,Paramount,dráma,134,156,158
81,Disney,sci-fi,224,367,150
82,Lionsgate,vígjáték,159,608,118
83,Universal,akció,177,541,122
84,Sony,dráma,247,589,125
85,Disney,akció,130,659,146
86,Disney,sci-fi,156,857,140
87,Universal,sci-fi,44,170,178
88,Pixar,vígjáték,75,79,189
89,Paramount,vígjáték,241,133,133
90,Warner,dráma,175,117,101
91,Lionsgate,akció,64,209,88
92,Pixar,horror,225,1212,83
93,Sony,vígjáték,219,163,162
94,Warner,sci-fi,102,583,145
95,Paramount,sci-fi,58,346,191
96,Paramount,horror,170,344,183
97,Disney,dráma,246,651,90
98,Paramount,horror,202,744,122
99,Paramount,vígjáték,109,521,130
100,Universal,horror,209,722,125
101,Lionsgate,akció,84,100,97
102,Paramount,dráma,235,417,154
103,Lionsgate,horror,96,387,156
104,Warner,animációs,107,148,97
105,Paramount,sci-fi,212,1250,188
106,Pixar,akció,146,363,136
107,Lionsgate,dráma,145,822,179
108,Lionsgate,akció,176,102,83
109,Disney,horror,13,48,98
110,Warner,horror,84,252,140
111,Paramount,horror,115,439,140
112,Universal,vígjáték,18,48,101
113,Disney,vígjáték,97,241,154
114,Pixar,dráma,247,566,177
115,Lionsgate,animációs,217,965,133
116,Lionsgate,animációs,239,93,103
117,Paramount,animációs,115,505,152
118,Sony,sci-fi,206,171,109
119,Pixar,animációs,17,10,107
120,Sony,animációs,94,496,108
121,Paramount,dráma,200,838,100
122,Sony,horror,149,302,101
123,Disney,sci-fi,186,707,191
124,Disney,sci-fi,39,129,107
125,Paramount,vígjáték,207,939,182
126,Disney,akció,126,516,145
127,Disney,vígjáték,153,646,91
128,Pixar,animációs,242,1105,168
129,Sony,horror,7,28,161
130,Sony,horror,163,741,100
131,Sony,horror,10,30,137
132,Lionsgate,akció,52,148,163
133,Pixar,sci-fi,129,113,85
134,Disney,vígjáték,250,423,151
135,Warner,animációs,158,336,108
136,Warner,dráma,73,272,106
137,Disney,sci-fi,98,123,102
138,Sony,dráma,172,123,157
139,Disney,vígjáték,105,74,178
140,Pixar,akció,63,298,94
141,Lionsgate,vígjáték,96,572,119
142,Pixar,dráma,52,167,100
143,Lionsgate,animációs,175,1023,171
144,Sony,dráma,190,368,156
145,Pixar,akció,199,370,120
146,Paramount,dráma,136,172,151
147,Warner,sci-fi,209,562,88
148,Disney,horror,189,985,143
149,Paramount,akció,209,723,177
150,Warner,horror,101,464,155
