sorszám,kiadó,műfaj,oldalszám,ár,készlet
1,Jelenkor,verseskötet,92,630,6
2,Scolar,szakkönyv,324,3490,11
3,Jelenkor,verseskötet,868,9540,0
4,Kalligram,szakkönyv,850,10390,8
5,Jelenkor,ifjúsági,201,1990,53
6,Magvető,életrajz,482,3540,15
7,Európa,ifjúsági,212,1240,51
8,Athenaeum,verseskötet,314,4370,42
9,Athenaeum,életrajz,315,5000,2
10,Libri,ifjúsági,891,14140,51
11,Scolar,krimi,420,2040,57
12,Libri,ifjúsági,336,5270,8
13,Európa,krimi,808,12030,32
14,Magvető,krimi,444,1980,41
15,Európa,életrajz,794,9130,1
16,Európa,verseskötet,198,1190,44
17,Európa,regény,586,6770,46
18,Kalligram,szakkönyv,319,2010,12
19,Magvető,ifjúsági,100,990,37
20,Magvető,verseskötet,651,3100,10
21,Athenaeum,regény,521,6270,56
22,Jelenkor,életrajz,551,8220,2
23,Jelenkor,ifjúsági,466,4280,59
24,Scolar,verseskötet,223,3280,56
25,Magvető,életrajz,706,3540,10
26,Kalligram,krimi,336,3930,57
27,Jelenkor,életrajz,428,4090,3
28,Magvető,verseskötet,286,2290,33
29,Libri,regény,749,5870,59
30,Libri,életrajz,219,930,6
31,Scolar,krimi,729,5290,0
32,Libri,verseskötet,102,770,18
33,Kalligram,szakkönyv,241,2120,43
34,Kalligram,krimi,795,9390,24
35,Jelenkor,krimi,791,12610,22
36,Európa,krimi,857,9310,2
37,Libri,verseskötet,557,8390,25
38,Európa,szakkönyv,809,8550,53
39,Libri,szakkönyv,378,4980,48
40,Kalligram,krimi,525,5290,56
41,Kalligram,ifjúsági,764,10050,1
42,Európa,szakkönyv,163,1610,0
43,Európa,regény,440,4760,1
44,Libri,szakkönyv,335,3170,0
45,Kalligram,életrajz,701,9220,0
46,Európa,verseskötet,315,2970,42
47,Athenaeum,krimi,798,3400,8
48,Kalligram,krimi,176,2370,40
49,Jelenkor,verseskötet,271,1400,18
50,Libri,krimi,639,4910,28
51,Kalligram,krimi,272,3680,49
52,Libri,életrajz,513,4530,13
53,Magvető,verseskötet,798,5980,57
54,Libri,szakkönyv,717,5970,53
55,Athenaeum,verseskötet,649,4840,60
56,Scolar,regény,606,5310,42
57,Magvető,verseskötet,547,7970,50
58,Scolar,regény,709,8670,22
59,Athenaeum,regény,841,10490,44
60,Európa,krimi,807,3890,33
61,Magvető,verseskötet,419,2700,7
62,Kalligram,krimi,552,5590,0
63,Magvető,regény,649,9880,43
64,Kalligram,életrajz,383,5470,0
65,Európa,verseskötet,362,5370,52
66,Kalligram,regény,888,11330,28
67,Európa,verseskötet,397,3580,0
68,Kalligram,szakkönyv,137,1910,0
69,Magvető,szakkönyv,316,2270,0
70,Jelenkor,verseskötet,632,5940,25
71,Athenaeum,krimi,667,7440,16
72,Libri,ifjúsági,421,5430,35
73,Európa,szakkönyv,685,10090,23
74,Európa,életrajz,540,7000,50
75,Libri,regény,441,3750,45
76,Kalligram,verseskötet,422,4040,0
77,Magvető,verseskötet,664,3310,57
78,Kalligram,verseskötet,875,12660,37
79,Magvető,krimi,743,11090,32
80,Kalligram,életrajz,579,4370,1
81,Jelenkor,regény,900,7320,43
82,Libri,életrajz,862,6480,4
83,Libri,regény,333,1720,29
84,Athenaeum,krimi,788,8940,16
85,Scolar,verseskötet,79,910,6
86,Jelenkor,ifjúsági,349,4410,19
87,Kalligram,regény,459,2700,48
88,Libri,krimi,679,10010,24
89,Magvető,krimi,158,1620,6
90,Kalligram,verseskötet,542,7990,28
91,Libri,ifjúsági,392,4140,23
92,Európa,verseskötet,681,8020,22
93,Libri,ifjúsági,366,5200,0
94,Magvető,krimi,803,11220,1
95,Kalligram,életrajz,856,5990,37
96,Athenaeum,krimi,537,7230,0
97,Scolar,verseskötet,311,3790,12
98,Kalligram,verseskötet,438,6730,13
99,Athenaeum,ifjúsági,101,1160,12
100,Jelenkor,szakkönyv,899,10970,15
101,Európa,regény,417,5310,46
102,Scolar,krimi,592,7030,47
103,Jelenkor,krimi,492,6810,3
104,Libri,krimi,697,4790,15
105,Jelenkor,verseskötet,311,2510,38
106,Athenaeum,krimi,548,6650,11
107,Magvető,krimi,532,2870,10
108,Jelenkor,verseskötet,555,3320,29
109,Athenaeum,szakkönyv,188,1450,20
110,Athenaeum,krimi,738,8860,12
111,Libri,regény,868,10320,2
112,Libri,krimi,274,3360,53
113,Kalligram,szakkönyv,304,4510,19
114,Athenaeum,életrajz,392,3510,14
115,Athenaeum,verseskötet,174,2060,17
116,Scolar,szakkönyv,136,1590,57
117,Magvető,krimi,680,5120,44
118,Athenaeum,életrajz,530,3020,53
119,Kalligram,verseskötet,444,3020,43
120,Magvető,regény,373,4790,0
121,Magvető,szakkönyv,786,9890,0
122,Európa,krimi,169,1160,28
123,Libri,ifjúsági,780,12040,0
124,Libri,ifjúsági,276,1670,27
125,Libri,verseskötet,793,8880,15
126,Athenaeum,krimi,453,3990,0
127,Athenaeum,ifjúsági,160,1800,53
128,Jelenkor,szakkönyv,327,4620,57
129,Magvető,regény,606,6570,0
130,Libri,krimi,195,1740,35
131,Libri,életrajz,398,5500,55
132,Jelenkor,szakkönyv,653,6720,9
133,Scolar,életrajz,572,7540,0
134,Scolar,szakkönyv,761,10120,50
135,Libri,életrajz,565,8920,53
136,Libri,krimi,833,11700,47
137,Jelenkor,szakkönyv,327,4760,15
138,Magvető,regény,721,9070,36
139,Libri,regény,573,5960,41
140,Jelenkor,életrajz,689,4810,0
141,Libri,regény,113,580,49
142,Magvető,szakkönyv,673,4420,0
143,Scolar,életrajz,268,2390,60
144,Scolar,verseskötet,314,1530,29
145,Scolar,verseskötet,769,5740,45
146,Európa,krimi,579,4790,45
147,Jelenkor,ifjúsági,494,7000,25
148,Libri,regény,727,9130,14
149,Athenaeum,életrajz,266,3150,6
150,Európa,életrajz,886,4490,45
